{"cameraMode":{"drawMode":0,"name":"Shaded","section":"Shading Mode"},"sceneLighting":false,"audioPlay":false,"sceneViewState":{"m_AlwaysRefresh":false,"showFog":true,"showSkybox":false,"showFlares":true,"showImageEffects":true,"showParticleSystems":true,"showVisualEffectGraphs":true,"m_FxEnabled":true},"in2DMode":false,"pivot":{"x":-0.35034313797950747,"y":0.16354790329933167,"z":-2.3861522674560549},"rotation":{"x":-0.21619893610477448,"y":0.6416807770729065,"z":-0.1955527812242508,"w":-0.7094295024871826},"size":0.9645450711250305,"orthographic":false}